,a_indicator,b_avg,c_maxValue,d_topCityName,e_numGTAvg
0,路网高延时运行时间占比,0.124086484,0.5069444,西安,40
1,路网拥堵路段里程比,0.008236354,0.038156,深圳,32
2,常发拥堵路段里程比,0.0023683703,0.020897986,深圳,26
3,路网行程延时指数,1.4184154,1.75,保定,49
4,骨干道路运行速度偏差率,0.07117158,0.21158275,重庆,42
5,平均速度(km/h),33.30288,25.71,汕头,48
